<?xml version="1.0" encoding="UTF-8"?>
<spirit:component xmlns:spirit="http://www.spiritconsortium.org/XMLSchema/SPIRIT/1.4"
	xmlns:xsi="http://www.w3.org/2001/XMLSchema-instance"
	xsi:schemaLocation="http://www.spiritconsortium.org/XMLSchema/SPIRIT/1.4 http://www.spiritconsortium.org/XMLSchema/SPIRIT/1.4/index.xsd">
	<spirit:vendor>xilinx.com</spirit:vendor>
	<spirit:library>bsb_lib.rtl_components</spirit:library>
	<spirit:name>d_shared_mem_bus</spirit:name>
	<spirit:version>1.00.a</spirit:version>

	<spirit:busInterfaces>
		<spirit:busInterface>
			<spirit:name>axi_clock</spirit:name>
			<spirit:busType spirit:vendor="xilinx.com"
				spirit:library="bsb_lib.rtl_busdefs" spirit:name="clock"
				spirit:version="1.0" />
			<spirit:abstractionType spirit:vendor="xilinx.com"
				spirit:library="bsb_lib.rtl_busdefs" spirit:name="clock_rtl"
				spirit:version="1.0" />
			<spirit:slave />
			<spirit:portMaps>
				<spirit:portMap>
					<spirit:logicalPort>
						<spirit:name>CLK</spirit:name>
					</spirit:logicalPort>
					<spirit:physicalPort>
						<spirit:name>S_AXI_ACLK</spirit:name>
					</spirit:physicalPort>
				</spirit:portMap>
			</spirit:portMaps>
		</spirit:busInterface>

		<spirit:busInterface>
			<spirit:name>axi_reset</spirit:name>
			<spirit:busType spirit:vendor="xilinx.com"
				spirit:library="bsb_lib.rtl_busdefs" spirit:name="reset"
				spirit:version="1.0" />
			<spirit:abstractionType spirit:vendor="xilinx.com"
				spirit:library="bsb_lib.rtl_busdefs" spirit:name="reset_rtl"
				spirit:version="1.0" />
			<spirit:slave />
			<spirit:portMaps>
				<spirit:portMap>
					<spirit:logicalPort>
						<spirit:name>RESETn</spirit:name>
					</spirit:logicalPort>
					<spirit:physicalPort>
						<spirit:name>S_AXI_ARESETN</spirit:name>
					</spirit:physicalPort>
				</spirit:portMap>
			</spirit:portMaps>
		</spirit:busInterface>

		<spirit:busInterface>
			<spirit:name>S_AXI</spirit:name>
			<spirit:busType spirit:vendor="amba.com"
				spirit:library="AMBA4" spirit:name="AXILite" spirit:version="r0p0_0" />
			<spirit:abstractionType spirit:vendor="amba.com"
				spirit:library="AMBA4" spirit:name="AXILite_rtl" spirit:version="r0p0_0" />
			<spirit:slave />

			<spirit:connectionRequired>true</spirit:connectionRequired>

			<spirit:portMaps>
				<!--<spirit:portMap>
					<spirit:logicalPort>
						<spirit:name>ACLK</spirit:name>
					</spirit:logicalPort>
					<spirit:physicalPort>
						<spirit:name>S_AXI_ACLK</spirit:name>
					</spirit:physicalPort>
				</spirit:portMap>-->
				<spirit:portMap>
					<spirit:logicalPort>
						<spirit:name>AWADDR</spirit:name>
					</spirit:logicalPort>
					<spirit:physicalPort>
						<spirit:name>S_AXI_AWADDR</spirit:name>
					</spirit:physicalPort>
				</spirit:portMap>
				<spirit:portMap>
					<spirit:logicalPort>
						<spirit:name>AWVALID</spirit:name>
					</spirit:logicalPort>
					<spirit:physicalPort>
						<spirit:name>S_AXI_AWVALID</spirit:name>
					</spirit:physicalPort>
				</spirit:portMap>
				<spirit:portMap>
					<spirit:logicalPort>
						<spirit:name>AWREADY</spirit:name>
					</spirit:logicalPort>
					<spirit:physicalPort>
						<spirit:name>S_AXI_AWREADY</spirit:name>
					</spirit:physicalPort>
				</spirit:portMap>
				<spirit:portMap>
					<spirit:logicalPort>
						<spirit:name>WDATA</spirit:name>
					</spirit:logicalPort>
					<spirit:physicalPort>
						<spirit:name>S_AXI_WDATA</spirit:name>
					</spirit:physicalPort>
				</spirit:portMap>
				<spirit:portMap>
					<spirit:logicalPort>
						<spirit:name>WSTRB</spirit:name>
					</spirit:logicalPort>
					<spirit:physicalPort>
						<spirit:name>S_AXI_WSTRB</spirit:name>
					</spirit:physicalPort>
				</spirit:portMap>
				<spirit:portMap>
					<spirit:logicalPort>
						<spirit:name>WVALID</spirit:name>
					</spirit:logicalPort>
					<spirit:physicalPort>
						<spirit:name>S_AXI_WVALID</spirit:name>
					</spirit:physicalPort>
				</spirit:portMap>
				<spirit:portMap>
					<spirit:logicalPort>
						<spirit:name>WREADY</spirit:name>
					</spirit:logicalPort>
					<spirit:physicalPort>
						<spirit:name>S_AXI_WREADY</spirit:name>
					</spirit:physicalPort>
				</spirit:portMap>
				<spirit:portMap>
					<spirit:logicalPort>
						<spirit:name>BRESP</spirit:name>
					</spirit:logicalPort>
					<spirit:physicalPort>
						<spirit:name>S_AXI_BRESP</spirit:name>
					</spirit:physicalPort>
				</spirit:portMap>
				<spirit:portMap>
					<spirit:logicalPort>
						<spirit:name>BVALID</spirit:name>
					</spirit:logicalPort>
					<spirit:physicalPort>
						<spirit:name>S_AXI_BVALID</spirit:name>
					</spirit:physicalPort>
				</spirit:portMap>
				<spirit:portMap>
					<spirit:logicalPort>
						<spirit:name>BREADY</spirit:name>
					</spirit:logicalPort>
					<spirit:physicalPort>
						<spirit:name>S_AXI_BREADY</spirit:name>
					</spirit:physicalPort>
				</spirit:portMap>
				<spirit:portMap>
					<spirit:logicalPort>
						<spirit:name>ARADDR</spirit:name>
					</spirit:logicalPort>
					<spirit:physicalPort>
						<spirit:name>S_AXI_ARADDR</spirit:name>
					</spirit:physicalPort>
				</spirit:portMap>
				<spirit:portMap>
					<spirit:logicalPort>
						<spirit:name>ARVALID</spirit:name>
					</spirit:logicalPort>
					<spirit:physicalPort>
						<spirit:name>S_AXI_ARVALID</spirit:name>
					</spirit:physicalPort>
				</spirit:portMap>
				<spirit:portMap>
					<spirit:logicalPort>
						<spirit:name>ARREADY</spirit:name>
					</spirit:logicalPort>
					<spirit:physicalPort>
						<spirit:name>S_AXI_ARREADY</spirit:name>
					</spirit:physicalPort>
				</spirit:portMap>
				<spirit:portMap>
					<spirit:logicalPort>
						<spirit:name>RDATA</spirit:name>
					</spirit:logicalPort>
					<spirit:physicalPort>
						<spirit:name>S_AXI_RDATA</spirit:name>
					</spirit:physicalPort>
				</spirit:portMap>
				<spirit:portMap>
					<spirit:logicalPort>
						<spirit:name>RRESP</spirit:name>
					</spirit:logicalPort>
					<spirit:physicalPort>
						<spirit:name>S_AXI_RRESP</spirit:name>
					</spirit:physicalPort>
				</spirit:portMap>
				<spirit:portMap>
					<spirit:logicalPort>
						<spirit:name>RVALID</spirit:name>
					</spirit:logicalPort>
					<spirit:physicalPort>
						<spirit:name>S_AXI_RVALID</spirit:name>
					</spirit:physicalPort>
				</spirit:portMap>
				<spirit:portMap>
					<spirit:logicalPort>
						<spirit:name>RREADY</spirit:name>
					</spirit:logicalPort>
					<spirit:physicalPort>
						<spirit:name>S_AXI_RREADY</spirit:name>
					</spirit:physicalPort>
				</spirit:portMap>
			</spirit:portMaps>
		</spirit:busInterface>
		
		<!-- IO_IF -->
		<spirit:busInterface>
			<spirit:name>mem_bus_mux_0</spirit:name>
			<spirit:busType spirit:vendor="xilinx.com"
				spirit:library="bsb_lib.rtl_busdefs" spirit:name="d_shared_mem_bus"
				spirit:version="1.0" />
			<spirit:abstractionType spirit:vendor="xilinx.com"
				spirit:library="bsb_lib.rtl_busdefs" spirit:name="d_shared_mem_bus_rtl"
				spirit:version="1.0" />
			<spirit:master />
			<spirit:portMaps>
				<spirit:portMap>
					<spirit:logicalPort>
						<spirit:name>mem_bus_mux_mem_addr_o</spirit:name>
					</spirit:logicalPort>
					<spirit:physicalPort>
						<spirit:name>Mem_Addr_O</spirit:name>
					</spirit:physicalPort>
				</spirit:portMap>
				<spirit:portMap>
					<spirit:logicalPort>
						<spirit:name>mem_bus_mux_mem_dq_o</spirit:name>
					</spirit:logicalPort>
					<spirit:physicalPort>
						<spirit:name>Mem_DQ_O</spirit:name>
					</spirit:physicalPort>
				</spirit:portMap>
				<spirit:portMap>
					<spirit:logicalPort>
						<spirit:name>mem_bus_mux_mem_dq_t</spirit:name>
					</spirit:logicalPort>
					<spirit:physicalPort>
						<spirit:name>Mem_DQ_T</spirit:name>
					</spirit:physicalPort>
				</spirit:portMap>
				<spirit:portMap>
					<spirit:logicalPort>
						<spirit:name>mem_bus_mux_mem_dq_i</spirit:name>
					</spirit:logicalPort>
					<spirit:physicalPort>
						<spirit:name>Mem_DQ_I</spirit:name>
					</spirit:physicalPort>
				</spirit:portMap>
				<spirit:portMap>
					<spirit:logicalPort>
						<spirit:name>mem_bus_mux_mem_oen_o</spirit:name>
					</spirit:logicalPort>
					<spirit:physicalPort>
						<spirit:name>Mem_OEN_O</spirit:name>
					</spirit:physicalPort>
				</spirit:portMap>
				<spirit:portMap>
					<spirit:logicalPort>
						<spirit:name>mem_bus_mux_mem_wen_o</spirit:name>
					</spirit:logicalPort>
					<spirit:physicalPort>
						<spirit:name>Mem_WEN_O</spirit:name>
					</spirit:physicalPort>
				</spirit:portMap>
				<spirit:portMap>
					<spirit:logicalPort>
						<spirit:name>mem_bus_mux_qspi_mem_s_o</spirit:name>
					</spirit:logicalPort>
					<spirit:physicalPort>
						<spirit:name>QSPI_Mem_S_O</spirit:name>
					</spirit:physicalPort>
				</spirit:portMap>
				<spirit:portMap>
					<spirit:logicalPort>
						<spirit:name>mem_bus_mux_qspi_mem_c_o</spirit:name>
					</spirit:logicalPort>
					<spirit:physicalPort>
						<spirit:name>QSPI_Mem_C_O</spirit:name>
					</spirit:physicalPort>
				</spirit:portMap>
				<spirit:portMap>
					<spirit:logicalPort>
						<spirit:name>mem_bus_mux_flash_mem_cen_o</spirit:name>
					</spirit:logicalPort>
					<spirit:physicalPort>
						<spirit:name>FLASH_Mem_CEN_O</spirit:name>
					</spirit:physicalPort>
				</spirit:portMap>
				<spirit:portMap>
					<spirit:logicalPort>
						<spirit:name>mem_bus_mux_flash_mem_rpn_o</spirit:name>
					</spirit:logicalPort>
					<spirit:physicalPort>
						<spirit:name>FLASH_Mem_RPN_O</spirit:name>
					</spirit:physicalPort>
				</spirit:portMap>
				<spirit:portMap>
					<spirit:logicalPort>
						<spirit:name>mem_bus_mux_psram_mem_cen_o</spirit:name>
					</spirit:logicalPort>
					<spirit:physicalPort>
						<spirit:name>PSRAM_Mem_CEN_O</spirit:name>
					</spirit:physicalPort>
				</spirit:portMap>
				<spirit:portMap>
					<spirit:logicalPort>
						<spirit:name>mem_bus_mux_psram_mem_adv_o</spirit:name>
					</spirit:logicalPort>
					<spirit:physicalPort>
						<spirit:name>PSRAM_Mem_ADV_O</spirit:name>
					</spirit:physicalPort>
				</spirit:portMap>
				<spirit:portMap>
					<spirit:logicalPort>
						<spirit:name>mem_bus_mux_psram_mem_cre_o</spirit:name>
					</spirit:logicalPort>
					<spirit:physicalPort>
						<spirit:name>PSRAM_Mem_CRE_O</spirit:name>
					</spirit:physicalPort>
				</spirit:portMap>
				<spirit:portMap>
					<spirit:logicalPort>
						<spirit:name>mem_bus_mux_psram_mem_clk_o</spirit:name>
					</spirit:logicalPort>
					<spirit:physicalPort>
						<spirit:name>PSRAM_Mem_CLK_O</spirit:name>
					</spirit:physicalPort>
				</spirit:portMap>
				<spirit:portMap>
					<spirit:logicalPort>
						<spirit:name>mem_bus_mux_psram_mem_wait_i</spirit:name>
					</spirit:logicalPort>
					<spirit:physicalPort>
						<spirit:name>PSRAM_Mem_Wait_I</spirit:name>
					</spirit:physicalPort>
				</spirit:portMap>
				<spirit:portMap>
					<spirit:logicalPort>
						<spirit:name>mem_bus_mux_psram_mem_ub_o</spirit:name>
					</spirit:logicalPort>
					<spirit:physicalPort>
						<spirit:name>PSRAM_Mem_UB_O</spirit:name>
					</spirit:physicalPort>
				</spirit:portMap>
				<spirit:portMap>
					<spirit:logicalPort>
						<spirit:name>mem_bus_mux_psram_mem_lb_o</spirit:name>
					</spirit:logicalPort>
					<spirit:physicalPort>
						<spirit:name>PSRAM_Mem_LB_O</spirit:name>
					</spirit:physicalPort>
				</spirit:portMap>
				<spirit:portMap>
					<spirit:logicalPort>
						<spirit:name>mem_bus_mux_mem_dq</spirit:name>
					</spirit:logicalPort>
					<spirit:physicalPort>
						<spirit:name>Mem_DQ</spirit:name>
					</spirit:physicalPort>
				</spirit:portMap>
			</spirit:portMaps>
		</spirit:busInterface>

	</spirit:busInterfaces>

	<spirit:model>

		<!-- I/O Signals -->
		<spirit:ports>
			<spirit:port>
				<spirit:name>S_AXI_ACLK</spirit:name>
				<spirit:wire>
					<spirit:direction>in</spirit:direction>
				</spirit:wire>
			</spirit:port>
			<spirit:port>
				<spirit:name>S_AXI_ARESETN</spirit:name>
				<spirit:wire>
					<spirit:direction>in</spirit:direction>
				</spirit:wire>
			</spirit:port>
			<spirit:port>
				<spirit:name>S_AXI_AWADDR</spirit:name>
				<spirit:wire>
					<spirit:direction>in</spirit:direction>
					<spirit:vector>
						<spirit:left>31</spirit:left>
						<spirit:right>0</spirit:right>
					</spirit:vector>
				</spirit:wire>
			</spirit:port>
			<spirit:port>
				<spirit:name>S_AXI_AWVALID</spirit:name>
				<spirit:wire>
					<spirit:direction>in</spirit:direction>
				</spirit:wire>
			</spirit:port>
			<spirit:port>
				<spirit:name>S_AXI_AWREADY</spirit:name>
				<spirit:wire>
					<spirit:direction>out</spirit:direction>
				</spirit:wire>
			</spirit:port>
			<spirit:port>
				<spirit:name>S_AXI_WDATA</spirit:name>
				<spirit:wire>
					<spirit:direction>in</spirit:direction>
					<spirit:vector>
						<spirit:left>31</spirit:left>
						<spirit:right>0</spirit:right>
					</spirit:vector>
				</spirit:wire>
			</spirit:port>
			<spirit:port>
				<spirit:name>S_AXI_WSTRB</spirit:name>
				<spirit:wire>
					<spirit:direction>in</spirit:direction>
					<spirit:vector>
						<spirit:left>3</spirit:left>
						<spirit:right>0</spirit:right>
					</spirit:vector>
				</spirit:wire>
			</spirit:port>
			<spirit:port>
				<spirit:name>S_AXI_WVALID</spirit:name>
				<spirit:wire>
					<spirit:direction>in</spirit:direction>
				</spirit:wire>
			</spirit:port>
			<spirit:port>
				<spirit:name>S_AXI_WREADY</spirit:name>
				<spirit:wire>
					<spirit:direction>out</spirit:direction>
				</spirit:wire>
			</spirit:port>
			<spirit:port>
				<spirit:name>S_AXI_BRESP</spirit:name>
				<spirit:wire>
					<spirit:direction>out</spirit:direction>
					<spirit:vector>
						<spirit:left>1</spirit:left>
						<spirit:right>0</spirit:right>
					</spirit:vector>
				</spirit:wire>
			</spirit:port>
			<spirit:port>
				<spirit:name>S_AXI_BVALID</spirit:name>
				<spirit:wire>
					<spirit:direction>out</spirit:direction>
				</spirit:wire>
			</spirit:port>
			<spirit:port>
				<spirit:name>S_AXI_BREADY</spirit:name>
				<spirit:wire>
					<spirit:direction>in</spirit:direction>
				</spirit:wire>
			</spirit:port>
			<spirit:port>
				<spirit:name>S_AXI_ARADDR</spirit:name>
				<spirit:wire>
					<spirit:direction>in</spirit:direction>
					<spirit:vector>
						<spirit:left>31</spirit:left>
						<spirit:right>0</spirit:right>
					</spirit:vector>
				</spirit:wire>
			</spirit:port>
			<spirit:port>
				<spirit:name>S_AXI_ARVALID</spirit:name>
				<spirit:wire>
					<spirit:direction>in</spirit:direction>
				</spirit:wire>
			</spirit:port>
			<spirit:port>
				<spirit:name>S_AXI_ARREADY</spirit:name>
				<spirit:wire>
					<spirit:direction>out</spirit:direction>
				</spirit:wire>
			</spirit:port>
			<spirit:port>
				<spirit:name>S_AXI_RDATA</spirit:name>
				<spirit:wire>
					<spirit:direction>out</spirit:direction>
					<spirit:vector>
						<spirit:left>31</spirit:left>
						<spirit:right>0</spirit:right>
					</spirit:vector>
				</spirit:wire>
			</spirit:port>
			<spirit:port>
				<spirit:name>S_AXI_RRESP</spirit:name>
				<spirit:wire>
					<spirit:direction>out</spirit:direction>
					<spirit:vector>
						<spirit:left>1</spirit:left>
						<spirit:right>0</spirit:right>
					</spirit:vector>
				</spirit:wire>
			</spirit:port>
			<spirit:port>
				<spirit:name>S_AXI_RVALID</spirit:name>
				<spirit:wire>
					<spirit:direction>out</spirit:direction>
				</spirit:wire>
			</spirit:port>
			<spirit:port>
				<spirit:name>S_AXI_RREADY</spirit:name>
				<spirit:wire>
					<spirit:direction>in</spirit:direction>
				</spirit:wire>
			</spirit:port>
			
			<spirit:port>
				<spirit:name>Mem_DQ_I</spirit:name>
				<spirit:wire>
					<spirit:direction>in</spirit:direction>
					<spirit:vector>
						<spirit:left>16</spirit:left>
						<spirit:right>0</spirit:right>
					</spirit:vector>
				</spirit:wire>
			</spirit:port>
			<spirit:port>
				<spirit:name>Mem_DQ_O</spirit:name>
				<spirit:wire>
					<spirit:direction>out</spirit:direction>
					<spirit:vector>
						<spirit:left>16</spirit:left>
						<spirit:right>0</spirit:right>
					</spirit:vector>
				</spirit:wire>
			</spirit:port>
			<spirit:port>
				<spirit:name>Mem_DQ_T</spirit:name>
				<spirit:wire>
					<spirit:direction>out</spirit:direction>
					<spirit:vector>
						<spirit:left>16</spirit:left>
						<spirit:right>0</spirit:right>
					</spirit:vector>
				</spirit:wire>
			</spirit:port>
			<spirit:port>
				<spirit:name>Mem_DQ</spirit:name>
				<spirit:wire>
					<spirit:direction>inout</spirit:direction>
					<spirit:vector>
						<spirit:left>16</spirit:left>
						<spirit:right>0</spirit:right>
					</spirit:vector>
				</spirit:wire>
			</spirit:port>
			<spirit:port>
				<spirit:name>Mem_Addr_O</spirit:name>
				<spirit:wire>
					<spirit:direction>out</spirit:direction>
					<spirit:vector>
						<spirit:left>25</spirit:left>
						<spirit:right>0</spirit:right>
					</spirit:vector>
				</spirit:wire>
			</spirit:port>
			<spirit:port>
				<spirit:name>Mem_OEN_O</spirit:name>
				<spirit:wire>
					<spirit:direction>out</spirit:direction>
				</spirit:wire>
			</spirit:port>
			<spirit:port>
				<spirit:name>Mem_WEN_O</spirit:name>
				<spirit:wire>
					<spirit:direction>out</spirit:direction>
				</spirit:wire>
			</spirit:port>
			<spirit:port>
				<spirit:name>QSPI_Mem_S_O</spirit:name>
				<spirit:wire>
					<spirit:direction>out</spirit:direction>
				</spirit:wire>
			</spirit:port>
			<spirit:port>
				<spirit:name>QSPI_Mem_C_O</spirit:name>
				<spirit:wire>
					<spirit:direction>out</spirit:direction>
				</spirit:wire>
			</spirit:port>
			<spirit:port>
				<spirit:name>FLASH_Mem_CEN_O</spirit:name>
				<spirit:wire>
					<spirit:direction>out</spirit:direction>
				</spirit:wire>
			</spirit:port>
			<spirit:port>
				<spirit:name>FLASH_Mem_RPN_O</spirit:name>
				<spirit:wire>
					<spirit:direction>out</spirit:direction>
				</spirit:wire>
			</spirit:port>
			<spirit:port>
				<spirit:name>PSRAM_Mem_CEN_O</spirit:name>
				<spirit:wire>
					<spirit:direction>out</spirit:direction>
				</spirit:wire>
			</spirit:port>
			<spirit:port>
				<spirit:name>PSRAM_Mem_ADV_O</spirit:name>
				<spirit:wire>
					<spirit:direction>out</spirit:direction>
				</spirit:wire>
			</spirit:port>
			<spirit:port>
				<spirit:name>PSRAM_Mem_CRE_O</spirit:name>
				<spirit:wire>
					<spirit:direction>out</spirit:direction>
				</spirit:wire>
			</spirit:port>
			<spirit:port>
				<spirit:name>PSRAM_Mem_CLK_O</spirit:name>
				<spirit:wire>
					<spirit:direction>out</spirit:direction>
				</spirit:wire>
			</spirit:port>
			<spirit:port>
				<spirit:name>PSRAM_Mem_Wait_I</spirit:name>
				<spirit:wire>
					<spirit:direction>in</spirit:direction>
				</spirit:wire>
			</spirit:port>
			<spirit:port>
				<spirit:name>PSRAM_Mem_UB_O</spirit:name>
				<spirit:wire>
					<spirit:direction>out</spirit:direction>
				</spirit:wire>
			</spirit:port>
			<spirit:port>
				<spirit:name>PSRAM_Mem_LB_O</spirit:name>
				<spirit:wire>
					<spirit:direction>out</spirit:direction>
				</spirit:wire>
			</spirit:port>
		</spirit:ports>

		<spirit:modelParameters>
			<spirit:modelParameter spirit:dataType="INTEGER">
				<spirit:name>C_PSRAM_RW_CYCLE_NS</spirit:name>
				<spirit:value spirit:id="C_PSRAM_RW_CYCLE_NS"
					spirit:resolve="user">100</spirit:value>
			</spirit:modelParameter>
			<spirit:modelParameter spirit:dataType="INTEGER">
				<spirit:name>C_FLASH_RD_CYCLE_NS</spirit:name>
				<spirit:value spirit:id="C_FLASH_RD_CYCLE_NS"
					spirit:resolve="user">140</spirit:value>
			</spirit:modelParameter>
			<spirit:modelParameter spirit:dataType="INTEGER">
				<spirit:name>C_FLASH_WR_CYCLE_NS</spirit:name>
				<spirit:value spirit:id="C_FLASH_WR_CYCLE_NS"
					spirit:resolve="user">60</spirit:value>
			</spirit:modelParameter>
			<spirit:modelParameter spirit:dataType="STD_LOGIC_VECTOR(31 DOWNTO 0)">
				<spirit:name>C_QSPI_BASEADDR</spirit:name>
				<spirit:value spirit:id="C_QSPI_BASEADDR"
					spirit:resolve="user" spirit:minimum="0x00000000" 
					spirit:maximum="0xFFFFFFFF"
					spirit:rangeType="int">0xFFFFFFFF</spirit:value>
			</spirit:modelParameter>
			<spirit:modelParameter spirit:dataType="STD_LOGIC_VECTOR(31 DOWNTO 0)">
				<spirit:name>C_QSPI_HIGHADDR</spirit:name>
				<spirit:value spirit:id="C_QSPI_HIGHADDR"
					spirit:resolve="user" spirit:minimum="0x00000000" 
					spirit:maximum="0xFFFFFFFF"
					spirit:rangeType="int">0x00000000</spirit:value>
			</spirit:modelParameter>
			<spirit:modelParameter spirit:dataType="STD_LOGIC_VECTOR(31 DOWNTO 0)">
				<spirit:name>C_PSRAM_BASEADDR</spirit:name>
				<spirit:value spirit:id="C_PSRAM_BASEADDR"
					spirit:resolve="user" spirit:minimum="0x00000000" 
					spirit:maximum="0xFFFFFFFF"
					spirit:rangeType="int">0xFFFFFFFF</spirit:value>
			</spirit:modelParameter>
			<spirit:modelParameter spirit:dataType="STD_LOGIC_VECTOR(31 DOWNTO 0)">
				<spirit:name>C_PSRAM_HIGHADDR</spirit:name>
				<spirit:value spirit:id="C_PSRAM_HIGHADDR"
					spirit:resolve="user" spirit:minimum="0x00000000" 
					spirit:maximum="0xFFFFFFFF"
					spirit:rangeType="int">0x00000000</spirit:value>
			</spirit:modelParameter>
			<spirit:modelParameter spirit:dataType="STD_LOGIC_VECTOR(31 DOWNTO 0)">
				<spirit:name>C_FLASH_BASEADDR</spirit:name>
				<spirit:value spirit:id="C_FLASH_BASEADDR"
					spirit:resolve="user" spirit:minimum="0x00000000" 
					spirit:maximum="0xFFFFFFFF"
					spirit:rangeType="int">0xFFFFFFFF</spirit:value>
			</spirit:modelParameter>
			<spirit:modelParameter spirit:dataType="STD_LOGIC_VECTOR(31 DOWNTO 0)">
				<spirit:name>C_FLASH_HIGHADDR</spirit:name>
				<spirit:value spirit:id="C_FLASH_HIGHADDR"
					spirit:resolve="user" spirit:minimum="0x00000000" 
					spirit:maximum="0xFFFFFFFF"
					spirit:rangeType="int">0x00000000</spirit:value>
			</spirit:modelParameter>
			<spirit:modelParameter spirit:dataType="STRING">
				<spirit:name>C_S_AXI_PROTOCOL</spirit:name>
				<spirit:value spirit:id="C_S_AXI_PROTOCOL" spirit:resolve="user"
					spirit:format="string">AXI4LITE</spirit:value>
			</spirit:modelParameter>
		</spirit:modelParameters>
	</spirit:model>

	<spirit:parameters>
		<spirit:parameter>
			<spirit:name>CORE_TEMPLATE_ASSOC</spirit:name>
			<spirit:value>d_shared_mem_bus_template</spirit:value>
		</spirit:parameter>
	</spirit:parameters>

</spirit:component>
