<?xml version="1.0" encoding="UTF-8"?>
<spirit:component xmlns:spirit="http://www.spiritconsortium.org/XMLSchema/SPIRIT/1.4" xmlns:xsi="http://www.w3.org/2001/XMLSchema-instance">
	<spirit:vendor>digilent</spirit:vendor>
	<spirit:library>bsb_lib.boards</spirit:library>
	<spirit:name>nexys3</spirit:name>
	<spirit:version>B</spirit:version>
	<spirit:busInterfaces>
		<spirit:busInterface>
			<spirit:name>clock_0</spirit:name>
			<spirit:busType spirit:vendor="xilinx.com" spirit:library="bsb_lib.rtl_busdefs" spirit:name="clock" spirit:version="1.0"/>
			<spirit:abstractionType spirit:vendor="xilinx.com" spirit:library="bsb_lib.rtl_busdefs" spirit:name="clock_rtl" spirit:version="1.0"/>
			<spirit:master>
			</spirit:master>
			<spirit:portMaps>
				<spirit:portMap>
					<spirit:logicalPort>
						<spirit:name>CLK</spirit:name>
					</spirit:logicalPort>
					<spirit:physicalPort>
						<spirit:name>GCLK</spirit:name>
					</spirit:physicalPort>
				</spirit:portMap>
			</spirit:portMaps>
			<spirit:parameters>
				<spirit:parameter>
					<spirit:name>frequency</spirit:name>
					<spirit:value spirit:format="long" spirit:resolve="immediate" spirit:id="refclk_frequency_0" spirit:minimum="100000000" spirit:maximum="100000000" spirit:rangeType="int">100000000</spirit:value>
				</spirit:parameter>
			</spirit:parameters>
		</spirit:busInterface>
		<spirit:busInterface>
			<spirit:name>reset_0</spirit:name>
			<spirit:busType spirit:vendor="xilinx.com" spirit:library="bsb_lib.rtl_busdefs" spirit:name="reset" spirit:version="1.0"/>
			<spirit:abstractionType spirit:vendor="xilinx.com" spirit:library="bsb_lib.rtl_busdefs" spirit:name="reset_rtl" spirit:version="1.0"/>
			<spirit:master>
			</spirit:master>
			<spirit:portMaps>
				<spirit:portMap>
					<spirit:logicalPort>
						<spirit:name>RESET</spirit:name>
					</spirit:logicalPort>
					<spirit:physicalPort>
						<spirit:name>RESET</spirit:name>
					</spirit:physicalPort>
				</spirit:portMap>
			</spirit:portMaps>
			<spirit:parameters>
				<spirit:parameter>
					<spirit:name>RST_POLARITY</spirit:name>
					<spirit:value spirit:format="string" spirit:resolve="immediate" spirit:id="reset_polarity">1</spirit:value>
				</spirit:parameter>
			</spirit:parameters>
		</spirit:busInterface>
		<spirit:busInterface>
			<spirit:name>RS232_Uart_1</spirit:name>
			<spirit:busType spirit:vendor="xilinx.com" spirit:library="bsb_lib.rtl_busdefs" spirit:name="uart" spirit:version="1.0"/>
			<spirit:abstractionType spirit:vendor="xilinx.com" spirit:library="bsb_lib.rtl_busdefs" spirit:name="uart_rtl" spirit:version="1.0"/>
			<spirit:master>
			</spirit:master>
			<spirit:portMaps>
				<spirit:portMap>
					<spirit:logicalPort>
						<spirit:name>sout</spirit:name>
					</spirit:logicalPort>
					<spirit:physicalPort>
						<spirit:name>RS232_Uart_1_sout</spirit:name>
					</spirit:physicalPort>
				</spirit:portMap>
				<spirit:portMap>
					<spirit:logicalPort>
						<spirit:name>sin</spirit:name>
					</spirit:logicalPort>
					<spirit:physicalPort>
						<spirit:name>RS232_Uart_1_sin</spirit:name>
					</spirit:physicalPort>
				</spirit:portMap>
			</spirit:portMaps>
		</spirit:busInterface>
		<spirit:busInterface>
			<spirit:name>DIP_Switches_8Bits</spirit:name>
			<spirit:busType spirit:vendor="xilinx.com" spirit:library="bsb_lib.rtl_busdefs" spirit:name="gpio" spirit:version="1.0"/>
			<spirit:abstractionType spirit:vendor="xilinx.com" spirit:library="bsb_lib.rtl_busdefs" spirit:name="gpio_rtl" spirit:version="1.0"/>
			<spirit:master>
			</spirit:master>
			<spirit:portMaps>
				<spirit:portMap>
					<spirit:logicalPort>
						<spirit:name>TRI_I</spirit:name>
					</spirit:logicalPort>
					<spirit:physicalPort>
						<spirit:name>DIP_Switches_8Bits_TRI_I</spirit:name>
					</spirit:physicalPort>
				</spirit:portMap>
			</spirit:portMaps>
		</spirit:busInterface>
		<spirit:busInterface>
			<spirit:name>LEDs_8Bits</spirit:name>
			<spirit:busType spirit:vendor="xilinx.com" spirit:library="bsb_lib.rtl_busdefs" spirit:name="gpio" spirit:version="1.0"/>
			<spirit:abstractionType spirit:vendor="xilinx.com" spirit:library="bsb_lib.rtl_busdefs" spirit:name="gpio_rtl" spirit:version="1.0"/>
			<spirit:master>
			</spirit:master>
			<spirit:portMaps>
				<spirit:portMap>
					<spirit:logicalPort>
						<spirit:name>TRI_O</spirit:name>
					</spirit:logicalPort>
					<spirit:physicalPort>
						<spirit:name>LEDs_8Bits_TRI_O</spirit:name>
					</spirit:physicalPort>
				</spirit:portMap>
			</spirit:portMaps>
		</spirit:busInterface>
		<spirit:busInterface>
			<spirit:name>Push_Buttons_4Bits</spirit:name>
			<spirit:busType spirit:vendor="xilinx.com" spirit:library="bsb_lib.rtl_busdefs" spirit:name="gpio" spirit:version="1.0"/>
			<spirit:abstractionType spirit:vendor="xilinx.com" spirit:library="bsb_lib.rtl_busdefs" spirit:name="gpio_rtl" spirit:version="1.0"/>
			<spirit:master>
			</spirit:master>
			<spirit:portMaps>
				<spirit:portMap>
					<spirit:logicalPort>
						<spirit:name>TRI_I</spirit:name>
					</spirit:logicalPort>
					<spirit:physicalPort>
						<spirit:name>Push_Buttons_4Bits_TRI_I</spirit:name>
					</spirit:physicalPort>
				</spirit:portMap>
			</spirit:portMaps>
		</spirit:busInterface>
		<spirit:busInterface>
			<spirit:name>Digilent_Shared_Mem_Bus_Mux</spirit:name>
			<spirit:busType spirit:vendor="xilinx.com" spirit:library="bsb_lib.rtl_busdefs" spirit:name="d_shared_mem_bus" spirit:version="1.0"/>
			<spirit:abstractionType spirit:vendor="xilinx.com" spirit:library="bsb_lib.rtl_busdefs" spirit:name="d_shared_mem_bus_rtl" spirit:version="1.0"/>
			<spirit:master>
			</spirit:master>
			<spirit:portMaps>
				<spirit:portMap>
					<spirit:logicalPort>
						<spirit:name>mem_bus_mux_mem_addr_o</spirit:name>
					</spirit:logicalPort>
					<spirit:physicalPort>
						<spirit:name>Digilent_Shared_Mem_Bus_Mux_Mem_Addr_O_pin</spirit:name>
					</spirit:physicalPort>
				</spirit:portMap>
				<spirit:portMap>
					<spirit:logicalPort>
						<spirit:name>mem_bus_mux_mem_dq</spirit:name>
					</spirit:logicalPort>
					<spirit:physicalPort>
						<spirit:name>Digilent_Shared_Mem_Bus_Mux_Mem_DQ</spirit:name>
					</spirit:physicalPort>
				</spirit:portMap>
				<spirit:portMap>
					<spirit:logicalPort>
						<spirit:name>mem_bus_mux_mem_oen_o</spirit:name>
					</spirit:logicalPort>
					<spirit:physicalPort>
						<spirit:name>Digilent_Shared_Mem_Bus_Mux_Mem_OEN_O_pin</spirit:name>
					</spirit:physicalPort>
				</spirit:portMap>
				<spirit:portMap>
					<spirit:logicalPort>
						<spirit:name>mem_bus_mux_mem_wen_o</spirit:name>
					</spirit:logicalPort>
					<spirit:physicalPort>
						<spirit:name>Digilent_Shared_Mem_Bus_Mux_Mem_WEN_O_pin</spirit:name>
					</spirit:physicalPort>
				</spirit:portMap>
				<spirit:portMap>
					<spirit:logicalPort>
						<spirit:name>mem_bus_mux_qspi_mem_s_o</spirit:name>
					</spirit:logicalPort>
					<spirit:physicalPort>
						<spirit:name>Digilent_Shared_Mem_Bus_Mux_QSPI_Mem_S_O_pin</spirit:name>
					</spirit:physicalPort>
				</spirit:portMap>
				<spirit:portMap>
					<spirit:logicalPort>
						<spirit:name>mem_bus_mux_qspi_mem_c_o</spirit:name>
					</spirit:logicalPort>
					<spirit:physicalPort>
						<spirit:name>Digilent_Shared_Mem_Bus_Mux_QSPI_Mem_C_O_pin</spirit:name>
					</spirit:physicalPort>
				</spirit:portMap>
				<spirit:portMap>
					<spirit:logicalPort>
						<spirit:name>mem_bus_mux_flash_mem_cen_o</spirit:name>
					</spirit:logicalPort>
					<spirit:physicalPort>
						<spirit:name>Digilent_Shared_Mem_Bus_Mux_FLASH_Mem_CEN_O_pin</spirit:name>
					</spirit:physicalPort>
				</spirit:portMap>
				<spirit:portMap>
					<spirit:logicalPort>
						<spirit:name>mem_bus_mux_flash_mem_rpn_o</spirit:name>
					</spirit:logicalPort>
					<spirit:physicalPort>
						<spirit:name>Digilent_Shared_Mem_Bus_Mux_FLASH_Mem_RPN_O_pin</spirit:name>
					</spirit:physicalPort>
				</spirit:portMap>
				<spirit:portMap>
					<spirit:logicalPort>
						<spirit:name>mem_bus_mux_psram_mem_cen_o</spirit:name>
					</spirit:logicalPort>
					<spirit:physicalPort>
						<spirit:name>Digilent_Shared_Mem_Bus_Mux_PSRAM_Mem_CEN_O_pin</spirit:name>
					</spirit:physicalPort>
				</spirit:portMap>
				<spirit:portMap>
					<spirit:logicalPort>
						<spirit:name>mem_bus_mux_psram_mem_adv_o</spirit:name>
					</spirit:logicalPort>
					<spirit:physicalPort>
						<spirit:name>Digilent_Shared_Mem_Bus_Mux_PSRAM_Mem_ADV_O_pin</spirit:name>
					</spirit:physicalPort>
				</spirit:portMap>
				<spirit:portMap>
					<spirit:logicalPort>
						<spirit:name>mem_bus_mux_psram_mem_cre_o</spirit:name>
					</spirit:logicalPort>
					<spirit:physicalPort>
						<spirit:name>Digilent_Shared_Mem_Bus_Mux_PSRAM_Mem_CRE_O_pin</spirit:name>
					</spirit:physicalPort>
				</spirit:portMap>
				<spirit:portMap>
					<spirit:logicalPort>
						<spirit:name>mem_bus_mux_psram_mem_clk_o</spirit:name>
					</spirit:logicalPort>
					<spirit:physicalPort>
						<spirit:name>Digilent_Shared_Mem_Bus_Mux_PSRAM_Mem_CLK_O_pin</spirit:name>
					</spirit:physicalPort>
				</spirit:portMap>
				<spirit:portMap>
					<spirit:logicalPort>
						<spirit:name>mem_bus_mux_psram_mem_wait_i</spirit:name>
					</spirit:logicalPort>
					<spirit:physicalPort>
						<spirit:name>Digilent_Shared_Mem_Bus_Mux_PSRAM_Mem_Wait_I_pin</spirit:name>
					</spirit:physicalPort>
				</spirit:portMap>
				<spirit:portMap>
					<spirit:logicalPort>
						<spirit:name>mem_bus_mux_psram_mem_ub_o</spirit:name>
					</spirit:logicalPort>
					<spirit:physicalPort>
						<spirit:name>Digilent_Shared_Mem_Bus_Mux_PSRAM_Mem_UB_O_pin</spirit:name>
					</spirit:physicalPort>
				</spirit:portMap>
				<spirit:portMap>
					<spirit:logicalPort>
						<spirit:name>mem_bus_mux_psram_mem_lb_o</spirit:name>
					</spirit:logicalPort>
					<spirit:physicalPort>
						<spirit:name>Digilent_Shared_Mem_Bus_Mux_PSRAM_Mem_LB_O_pin</spirit:name>
					</spirit:physicalPort>
				</spirit:portMap>
			</spirit:portMaps>
		</spirit:busInterface>
		<spirit:busInterface>
			<spirit:name>Digilent_Usb_Epp</spirit:name>
			<spirit:busType spirit:vendor="xilinx.com" spirit:library="bsb_lib.rtl_busdefs" spirit:name="d_usb_epp_dstm_axi" spirit:version="1.0"/>
			<spirit:abstractionType spirit:vendor="xilinx.com" spirit:library="bsb_lib.rtl_busdefs" spirit:name="d_usb_epp_dstm_axi_rtl" spirit:version="1.0"/>
			<spirit:master>
			</spirit:master>
			<spirit:portMaps>
				<spirit:portMap>
					<spirit:logicalPort>
						<spirit:name>usb_ifclk</spirit:name>
					</spirit:logicalPort>
					<spirit:physicalPort>
						<spirit:name>Digilent_Usb_Epp_IFCLK_pin</spirit:name>
					</spirit:physicalPort>
				</spirit:portMap>
				<spirit:portMap>
					<spirit:logicalPort>
						<spirit:name>usb_stmen</spirit:name>
					</spirit:logicalPort>
					<spirit:physicalPort>
						<spirit:name>Digilent_Usb_Epp_STMEN_pin</spirit:name>
					</spirit:physicalPort>
				</spirit:portMap>
				<spirit:portMap>
					<spirit:logicalPort>
						<spirit:name>usb_flaga</spirit:name>
					</spirit:logicalPort>
					<spirit:physicalPort>
						<spirit:name>Digilent_Usb_Epp_FLAGA_pin</spirit:name>
					</spirit:physicalPort>
				</spirit:portMap>
				<spirit:portMap>
					<spirit:logicalPort>
						<spirit:name>usb_flagb</spirit:name>
					</spirit:logicalPort>
					<spirit:physicalPort>
						<spirit:name>Digilent_Usb_Epp_FLAGB_pin</spirit:name>
					</spirit:physicalPort>
				</spirit:portMap>
				<spirit:portMap>
					<spirit:logicalPort>
						<spirit:name>usb_flagc</spirit:name>
					</spirit:logicalPort>
					<spirit:physicalPort>
						<spirit:name>Digilent_Usb_Epp_FLAGC_pin</spirit:name>
					</spirit:physicalPort>
				</spirit:portMap>
				<spirit:portMap>
					<spirit:logicalPort>
						<spirit:name>usb_slrd</spirit:name>
					</spirit:logicalPort>
					<spirit:physicalPort>
						<spirit:name>Digilent_Usb_Epp_SLRD_pin</spirit:name>
					</spirit:physicalPort>
				</spirit:portMap>
				<spirit:portMap>
					<spirit:logicalPort>
						<spirit:name>usb_slwr</spirit:name>
					</spirit:logicalPort>
					<spirit:physicalPort>
						<spirit:name>Digilent_Usb_Epp_SLWR_pin</spirit:name>
					</spirit:physicalPort>
				</spirit:portMap>
				<spirit:portMap>
					<spirit:logicalPort>
						<spirit:name>usb_sloe</spirit:name>
					</spirit:logicalPort>
					<spirit:physicalPort>
						<spirit:name>Digilent_Usb_Epp_SLOE_pin</spirit:name>
					</spirit:physicalPort>
				</spirit:portMap>
				<spirit:portMap>
					<spirit:logicalPort>
						<spirit:name>usb_fifoaddr</spirit:name>
					</spirit:logicalPort>
					<spirit:physicalPort>
						<spirit:name>Digilent_Usb_Epp_FIFOADR_pin</spirit:name>
					</spirit:physicalPort>
				</spirit:portMap>
				<spirit:portMap>
					<spirit:logicalPort>
						<spirit:name>usb_pktend</spirit:name>
					</spirit:logicalPort>
					<spirit:physicalPort>
						<spirit:name>Digilent_Usb_Epp_PKTEND_pin</spirit:name>
					</spirit:physicalPort>
				</spirit:portMap>
				<spirit:portMap>
					<spirit:logicalPort>
						<spirit:name>usb_epprst</spirit:name>
					</spirit:logicalPort>
					<spirit:physicalPort>
						<spirit:name>Digilent_Usb_Epp_EPPRST_pin</spirit:name>
					</spirit:physicalPort>
				</spirit:portMap>
				<spirit:portMap>
					<spirit:logicalPort>
						<spirit:name>usb_dq</spirit:name>
					</spirit:logicalPort>
					<spirit:physicalPort>
						<spirit:name>Digilent_Usb_Epp_DB_pin</spirit:name>
					</spirit:physicalPort>
				</spirit:portMap>
				<spirit:portMap>
					<spirit:logicalPort>
						<spirit:name>usb_irq_epp</spirit:name>
					</spirit:logicalPort>
					<spirit:physicalPort>
						<spirit:name>Digilent_Usb_Epp_IRQ_EPP_pin</spirit:name>
					</spirit:physicalPort>
				</spirit:portMap>
			</spirit:portMaps>
		</spirit:busInterface>
		<spirit:busInterface>
			<spirit:name>Digilent_SevSeg_Disp</spirit:name>
			<spirit:busType spirit:vendor="xilinx.com" spirit:library="bsb_lib.rtl_busdefs" spirit:name="svn_seg_axi" spirit:version="1.0"/>
			<spirit:abstractionType spirit:vendor="xilinx.com" spirit:library="bsb_lib.rtl_busdefs" spirit:name="svn_seg_axi_rtl" spirit:version="1.0"/>
			<spirit:master>
			</spirit:master>
			<spirit:portMaps>
				<spirit:portMap>
					<spirit:logicalPort>
						<spirit:name>svn_seg_an</spirit:name>
					</spirit:logicalPort>
					<spirit:physicalPort>
						<spirit:name>Digilent_SevSeg_Disp_AN_pin</spirit:name>
					</spirit:physicalPort>
				</spirit:portMap>
				<spirit:portMap>
					<spirit:logicalPort>
						<spirit:name>svn_seg_seg</spirit:name>
					</spirit:logicalPort>
					<spirit:physicalPort>
						<spirit:name>Digilent_SevSeg_Disp_SEG_pin</spirit:name>
					</spirit:physicalPort>
				</spirit:portMap>
			</spirit:portMaps>
		</spirit:busInterface>
		<spirit:busInterface>
			<spirit:name>Ethernet_Lite</spirit:name>
			<spirit:busType spirit:vendor="xilinx.com" spirit:library="bsb_lib.rtl_busdefs" spirit:name="mii" spirit:version="1.0"/>
			<spirit:abstractionType spirit:vendor="xilinx.com" spirit:library="bsb_lib.rtl_busdefs" spirit:name="mii_rtl" spirit:version="1.0"/>
			<spirit:master>
			</spirit:master>
			<spirit:portMaps>
				<spirit:portMap>
					<spirit:logicalPort>
						<spirit:name>MDIO</spirit:name>
					</spirit:logicalPort>
					<spirit:physicalPort>
						<spirit:name>Ethernet_Lite_MDIO</spirit:name>
					</spirit:physicalPort>
				</spirit:portMap>
				<spirit:portMap>
					<spirit:logicalPort>
						<spirit:name>MDC</spirit:name>
					</spirit:logicalPort>
					<spirit:physicalPort>
						<spirit:name>Ethernet_Lite_MDC</spirit:name>
					</spirit:physicalPort>
				</spirit:portMap>
				<spirit:portMap>
					<spirit:logicalPort>
						<spirit:name>TXD</spirit:name>
					</spirit:logicalPort>
					<spirit:physicalPort>
						<spirit:name>Ethernet_Lite_TXD</spirit:name>
					</spirit:physicalPort>
				</spirit:portMap>
				<spirit:portMap>
					<spirit:logicalPort>
						<spirit:name>TX_EN</spirit:name>
					</spirit:logicalPort>
					<spirit:physicalPort>
						<spirit:name>Ethernet_Lite_TX_EN</spirit:name>
					</spirit:physicalPort>
				</spirit:portMap>
				<spirit:portMap>
					<spirit:logicalPort>
						<spirit:name>TX_CLK</spirit:name>
					</spirit:logicalPort>
					<spirit:physicalPort>
						<spirit:name>Ethernet_Lite_TX_CLK</spirit:name>
					</spirit:physicalPort>
				</spirit:portMap>
				<spirit:portMap>
					<spirit:logicalPort>
						<spirit:name>COL</spirit:name>
					</spirit:logicalPort>
					<spirit:physicalPort>
						<spirit:name>Ethernet_Lite_COL</spirit:name>
					</spirit:physicalPort>
				</spirit:portMap>
				<spirit:portMap>
					<spirit:logicalPort>
						<spirit:name>RXD</spirit:name>
					</spirit:logicalPort>
					<spirit:physicalPort>
						<spirit:name>Ethernet_Lite_RXD</spirit:name>
					</spirit:physicalPort>
				</spirit:portMap>
				<spirit:portMap>
					<spirit:logicalPort>
						<spirit:name>RX_ER</spirit:name>
					</spirit:logicalPort>
					<spirit:physicalPort>
						<spirit:name>Ethernet_Lite_RX_ER</spirit:name>
					</spirit:physicalPort>
				</spirit:portMap>
				<spirit:portMap>
					<spirit:logicalPort>
						<spirit:name>RX_CLK</spirit:name>
					</spirit:logicalPort>
					<spirit:physicalPort>
						<spirit:name>Ethernet_Lite_RX_CLK</spirit:name>
					</spirit:physicalPort>
				</spirit:portMap>
				<spirit:portMap>
					<spirit:logicalPort>
						<spirit:name>CRS</spirit:name>
					</spirit:logicalPort>
					<spirit:physicalPort>
						<spirit:name>Ethernet_Lite_CRS</spirit:name>
					</spirit:physicalPort>
				</spirit:portMap>
				<spirit:portMap>
					<spirit:logicalPort>
						<spirit:name>RX_DV</spirit:name>
					</spirit:logicalPort>
					<spirit:physicalPort>
						<spirit:name>Ethernet_Lite_RX_DV</spirit:name>
					</spirit:physicalPort>
				</spirit:portMap>
				<spirit:portMap>
					<spirit:logicalPort>
						<spirit:name>PHY_RST_N</spirit:name>
					</spirit:logicalPort>
					<spirit:physicalPort>
						<spirit:name>Ethernet_Lite_PHY_RST_N</spirit:name>
					</spirit:physicalPort>
				</spirit:portMap>
			</spirit:portMaps>
		</spirit:busInterface>
		<spirit:busInterface>
			<spirit:name>ETHERNET</spirit:name>
			<spirit:busType spirit:vendor="xilinx.com" spirit:library="bsb_lib.rtl_busdefs" spirit:name="gmii" spirit:version="1.0"/>
			<spirit:abstractionType spirit:vendor="xilinx.com" spirit:library="bsb_lib.rtl_busdefs" spirit:name="gmii_rtl" spirit:version="1.0"/>
			<spirit:master>
			</spirit:master>
			<spirit:portMaps>
				<spirit:portMap>
					<spirit:logicalPort>
						<spirit:name>MDIO</spirit:name>
					</spirit:logicalPort>
					<spirit:physicalPort>
						<spirit:name>ETHERNET_MDIO</spirit:name>
					</spirit:physicalPort>
				</spirit:portMap>
				<spirit:portMap>
					<spirit:logicalPort>
						<spirit:name>MDC</spirit:name>
					</spirit:logicalPort>
					<spirit:physicalPort>
						<spirit:name>ETHERNET_MDC</spirit:name>
					</spirit:physicalPort>
				</spirit:portMap>
				<spirit:portMap>
					<spirit:logicalPort>
						<spirit:name>MII_TX_ER</spirit:name>
					</spirit:logicalPort>
					<spirit:physicalPort>
						<spirit:name>ETHERNET_TX_ER</spirit:name>
					</spirit:physicalPort>
				</spirit:portMap>
				<spirit:portMap>
					<spirit:logicalPort>
						<spirit:name>MII_TXD</spirit:name>
					</spirit:logicalPort>
					<spirit:physicalPort>
						<spirit:name>ETHERNET_TXD</spirit:name>
					</spirit:physicalPort>
				</spirit:portMap>
				<spirit:portMap>
					<spirit:logicalPort>
						<spirit:name>MII_TX_EN</spirit:name>
					</spirit:logicalPort>
					<spirit:physicalPort>
						<spirit:name>ETHERNET_TX_EN</spirit:name>
					</spirit:physicalPort>
				</spirit:portMap>
				<spirit:portMap>
					<spirit:logicalPort>
						<spirit:name>MII_TX_CLK</spirit:name>
					</spirit:logicalPort>
					<spirit:physicalPort>
						<spirit:name>ETHERNET_MII_TX_CLK</spirit:name>
					</spirit:physicalPort>
				</spirit:portMap>
				<spirit:portMap>
					<spirit:logicalPort>
						<spirit:name>MII_RXD</spirit:name>
					</spirit:logicalPort>
					<spirit:physicalPort>
						<spirit:name>ETHERNET_RXD</spirit:name>
					</spirit:physicalPort>
				</spirit:portMap>
				<spirit:portMap>
					<spirit:logicalPort>
						<spirit:name>MII_RX_ER</spirit:name>
					</spirit:logicalPort>
					<spirit:physicalPort>
						<spirit:name>ETHERNET_RX_ER</spirit:name>
					</spirit:physicalPort>
				</spirit:portMap>
				<spirit:portMap>
					<spirit:logicalPort>
						<spirit:name>MII_RX_CLK</spirit:name>
					</spirit:logicalPort>
					<spirit:physicalPort>
						<spirit:name>ETHERNET_RX_CLK</spirit:name>
					</spirit:physicalPort>
				</spirit:portMap>
				<spirit:portMap>
					<spirit:logicalPort>
						<spirit:name>MII_RX_DV</spirit:name>
					</spirit:logicalPort>
					<spirit:physicalPort>
						<spirit:name>ETHERNET_RX_DV</spirit:name>
					</spirit:physicalPort>
				</spirit:portMap>
				<spirit:portMap>
					<spirit:logicalPort>
						<spirit:name>MII_COL</spirit:name>
					</spirit:logicalPort>
					<spirit:physicalPort>
						<spirit:name>ETHERNET_CRS</spirit:name>
					</spirit:physicalPort>
				</spirit:portMap>
				<spirit:portMap>
					<spirit:logicalPort>
						<spirit:name>MII_CRS</spirit:name>
					</spirit:logicalPort>
					<spirit:physicalPort>
						<spirit:name>ETHERNET_COL</spirit:name>
					</spirit:physicalPort>
				</spirit:portMap>
				<spirit:portMap>
					<spirit:logicalPort>
						<spirit:name>PhyResetN</spirit:name>
					</spirit:logicalPort>
					<spirit:physicalPort>
						<spirit:name>ETHERNET_PHY_RST_N</spirit:name>
					</spirit:physicalPort>
				</spirit:portMap>
			</spirit:portMaps>
		</spirit:busInterface>
	</spirit:busInterfaces>
	<spirit:model>
		<spirit:ports>
			<spirit:port>
				<spirit:name>GCLK</spirit:name>
				<spirit:wire>
					<spirit:direction>in</spirit:direction>
				</spirit:wire>
			</spirit:port>
			<spirit:port>
				<spirit:name>RESET</spirit:name>
				<spirit:wire>
					<spirit:direction>in</spirit:direction>
				</spirit:wire>
			</spirit:port>
			<spirit:port>
				<spirit:name>RS232_Uart_1_sout</spirit:name>
				<spirit:wire>
					<spirit:direction>out</spirit:direction>
				</spirit:wire>
			</spirit:port>
			<spirit:port>
				<spirit:name>RS232_Uart_1_sin</spirit:name>
				<spirit:wire>
					<spirit:direction>in</spirit:direction>
				</spirit:wire>
			</spirit:port>
			<spirit:port>
				<spirit:name>DIP_Switches_8Bits_TRI_I</spirit:name>
				<spirit:wire>
					<spirit:direction>in</spirit:direction>
					<spirit:vector>
						<spirit:left>7</spirit:left>
						<spirit:right>0</spirit:right>
					</spirit:vector>
				</spirit:wire>
			</spirit:port>
			<spirit:port>
				<spirit:name>LEDs_8Bits_TRI_O</spirit:name>
				<spirit:wire>
					<spirit:direction>out</spirit:direction>
					<spirit:vector>
						<spirit:left>7</spirit:left>
						<spirit:right>0</spirit:right>
					</spirit:vector>
				</spirit:wire>
			</spirit:port>
			<spirit:port>
				<spirit:name>Push_Buttons_4Bits_TRI_I</spirit:name>
				<spirit:wire>
					<spirit:direction>in</spirit:direction>
					<spirit:vector>
						<spirit:left>0</spirit:left>
						<spirit:right>3</spirit:right>
					</spirit:vector>
				</spirit:wire>
			</spirit:port>
			<spirit:port>
				<spirit:name>Digilent_Usb_Epp_IFCLK_pin</spirit:name>
				<spirit:wire>
					<spirit:direction>in</spirit:direction>
				</spirit:wire>
			</spirit:port>
			<spirit:port>
				<spirit:name>Digilent_Usb_Epp_STMEN_pin</spirit:name>
				<spirit:wire>
					<spirit:direction>in</spirit:direction>
				</spirit:wire>
			</spirit:port>
			<spirit:port>
				<spirit:name>Digilent_Usb_Epp_FLAGA_pin</spirit:name>
				<spirit:wire>
					<spirit:direction>in</spirit:direction>
				</spirit:wire>
			</spirit:port>
			<spirit:port>
				<spirit:name>Digilent_Usb_Epp_FLAGB_pin</spirit:name>
				<spirit:wire>
					<spirit:direction>in</spirit:direction>
				</spirit:wire>
			</spirit:port>
			<spirit:port>
				<spirit:name>Digilent_Usb_Epp_FLAGC_pin</spirit:name>
				<spirit:wire>
					<spirit:direction>in</spirit:direction>
				</spirit:wire>
			</spirit:port>
			<spirit:port>
				<spirit:name>Digilent_Usb_Epp_SLRD_pin</spirit:name>
				<spirit:wire>
					<spirit:direction>out</spirit:direction>
				</spirit:wire>
			</spirit:port>
			<spirit:port>
				<spirit:name>Digilent_Usb_Epp_SLWR_pin</spirit:name>
				<spirit:wire>
					<spirit:direction>out</spirit:direction>
				</spirit:wire>
			</spirit:port>
			<spirit:port>
				<spirit:name>Digilent_Usb_Epp_SLOE_pin</spirit:name>
				<spirit:wire>
					<spirit:direction>out</spirit:direction>
				</spirit:wire>
			</spirit:port>
			<spirit:port>
				<spirit:name>Digilent_Usb_Epp_FIFOADR_pin</spirit:name>
				<spirit:wire>
					<spirit:direction>out</spirit:direction>
					<spirit:vector>
						<spirit:left>1</spirit:left>
						<spirit:right>0</spirit:right>
					</spirit:vector>
				</spirit:wire>
			</spirit:port>
			<spirit:port>
				<spirit:name>Digilent_Usb_Epp_PKTEND_pin</spirit:name>
				<spirit:wire>
					<spirit:direction>out</spirit:direction>
				</spirit:wire>
			</spirit:port>
			<spirit:port>
				<spirit:name>Digilent_Usb_Epp_EPPRST_pin</spirit:name>
				<spirit:wire>
					<spirit:direction>in</spirit:direction>
				</spirit:wire>
			</spirit:port>
			<spirit:port>
				<spirit:name>Digilent_Usb_Epp_DB_pin</spirit:name>
				<spirit:wire>
					<spirit:direction>inout</spirit:direction>
					<spirit:vector>
						<spirit:left>7</spirit:left>
						<spirit:right>0</spirit:right>
					</spirit:vector>
				</spirit:wire>
			</spirit:port>
			<spirit:port>
				<spirit:name>Digilent_Usb_Epp_IRQ_EPP_pin</spirit:name>
				<spirit:wire>
					<spirit:direction>out</spirit:direction>
				</spirit:wire>
			</spirit:port>
			<spirit:port>
				<spirit:name>Digilent_SevSeg_Disp_AN_pin</spirit:name>
				<spirit:wire>
					<spirit:direction>out</spirit:direction>
					<spirit:vector>
						<spirit:left>3</spirit:left>
						<spirit:right>0</spirit:right>
					</spirit:vector>
				</spirit:wire>
			</spirit:port>
			<spirit:port>
				<spirit:name>Digilent_SevSeg_Disp_SEG_pin</spirit:name>
				<spirit:wire>
					<spirit:direction>out</spirit:direction>
					<spirit:vector>
						<spirit:left>7</spirit:left>
						<spirit:right>0</spirit:right>
					</spirit:vector>
				</spirit:wire>
			</spirit:port>
			<spirit:port>
				<spirit:name>Digilent_Shared_Mem_Bus_Mux_Mem_Addr_O_pin</spirit:name>
				<spirit:wire>
					<spirit:direction>out</spirit:direction>
					<spirit:vector>
						<spirit:left>25</spirit:left>
						<spirit:right>0</spirit:right>
					</spirit:vector>
				</spirit:wire>
			</spirit:port>
			<spirit:port>
				<spirit:name>Digilent_Shared_Mem_Bus_Mux_Mem_DQ</spirit:name>
				<spirit:wire>
					<spirit:direction>inout</spirit:direction>
					<spirit:vector>
						<spirit:left>16</spirit:left>
						<spirit:right>0</spirit:right>
					</spirit:vector>
				</spirit:wire>
			</spirit:port>
			<spirit:port>
				<spirit:name>Digilent_Shared_Mem_Bus_Mux_Mem_OEN_O_pin</spirit:name>
				<spirit:wire>
					<spirit:direction>out</spirit:direction>
				</spirit:wire>
			</spirit:port>
			<spirit:port>
				<spirit:name>Digilent_Shared_Mem_Bus_Mux_Mem_WEN_O_pin</spirit:name>
				<spirit:wire>
					<spirit:direction>out</spirit:direction>
				</spirit:wire>
			</spirit:port>
			<spirit:port>
				<spirit:name>Digilent_Shared_Mem_Bus_Mux_QSPI_Mem_S_O_pin</spirit:name>
				<spirit:wire>
					<spirit:direction>out</spirit:direction>
				</spirit:wire>
			</spirit:port>
			<spirit:port>
				<spirit:name>Digilent_Shared_Mem_Bus_Mux_QSPI_Mem_C_O_pin</spirit:name>
				<spirit:wire>
					<spirit:direction>out</spirit:direction>
				</spirit:wire>
			</spirit:port>
			<spirit:port>
				<spirit:name>Digilent_Shared_Mem_Bus_Mux_FLASH_Mem_CEN_O_pin</spirit:name>
				<spirit:wire>
					<spirit:direction>out</spirit:direction>
				</spirit:wire>
			</spirit:port>
			<spirit:port>
				<spirit:name>Digilent_Shared_Mem_Bus_Mux_FLASH_Mem_RPN_O_pin</spirit:name>
				<spirit:wire>
					<spirit:direction>out</spirit:direction>
				</spirit:wire>
			</spirit:port>
			<spirit:port>
				<spirit:name>Digilent_Shared_Mem_Bus_Mux_PSRAM_Mem_CEN_O_pin</spirit:name>
				<spirit:wire>
					<spirit:direction>out</spirit:direction>
				</spirit:wire>
			</spirit:port>
			<spirit:port>
				<spirit:name>Digilent_Shared_Mem_Bus_Mux_PSRAM_Mem_ADV_O_pin</spirit:name>
				<spirit:wire>
					<spirit:direction>out</spirit:direction>
				</spirit:wire>
			</spirit:port>
			<spirit:port>
				<spirit:name>Digilent_Shared_Mem_Bus_Mux_PSRAM_Mem_CRE_O_pin</spirit:name>
				<spirit:wire>
					<spirit:direction>out</spirit:direction>
				</spirit:wire>
			</spirit:port>
			<spirit:port>
				<spirit:name>Digilent_Shared_Mem_Bus_Mux_PSRAM_Mem_CLK_O_pin</spirit:name>
				<spirit:wire>
					<spirit:direction>out</spirit:direction>
				</spirit:wire>
			</spirit:port>
			<spirit:port>
				<spirit:name>Digilent_Shared_Mem_Bus_Mux_PSRAM_Mem_Wait_I_pin</spirit:name>
				<spirit:wire>
					<spirit:direction>in</spirit:direction>
				</spirit:wire>
			</spirit:port>
			<spirit:port>
				<spirit:name>Digilent_Shared_Mem_Bus_Mux_PSRAM_Mem_UB_O_pin</spirit:name>
				<spirit:wire>
					<spirit:direction>out</spirit:direction>
				</spirit:wire>
			</spirit:port>
			<spirit:port>
				<spirit:name>Digilent_Shared_Mem_Bus_Mux_PSRAM_Mem_LB_O_pin</spirit:name>
				<spirit:wire>
					<spirit:direction>out</spirit:direction>
				</spirit:wire>
			</spirit:port>
			<spirit:port>
				<spirit:name>Ethernet_Lite_MDIO</spirit:name>
				<spirit:wire>
					<spirit:direction>inout</spirit:direction>
				</spirit:wire>
			</spirit:port>
			<spirit:port>
				<spirit:name>Ethernet_Lite_MDC</spirit:name>
				<spirit:wire>
					<spirit:direction>out</spirit:direction>
				</spirit:wire>
			</spirit:port>
			<spirit:port>
				<spirit:name>Ethernet_Lite_TXD</spirit:name>
				<spirit:wire>
					<spirit:direction>out</spirit:direction>
					<spirit:vector>
						<spirit:left>3</spirit:left>
						<spirit:right>0</spirit:right>
					</spirit:vector>
				</spirit:wire>
			</spirit:port>
			<spirit:port>
				<spirit:name>Ethernet_Lite_TX_EN</spirit:name>
				<spirit:wire>
					<spirit:direction>out</spirit:direction>
				</spirit:wire>
			</spirit:port>
			<spirit:port>
				<spirit:name>Ethernet_Lite_TX_CLK</spirit:name>
				<spirit:wire>
					<spirit:direction>in</spirit:direction>
				</spirit:wire>
			</spirit:port>
			<spirit:port>
				<spirit:name>Ethernet_Lite_COL</spirit:name>
				<spirit:wire>
					<spirit:direction>in</spirit:direction>
				</spirit:wire>
			</spirit:port>
			<spirit:port>
				<spirit:name>Ethernet_Lite_RXD</spirit:name>
				<spirit:wire>
					<spirit:direction>in</spirit:direction>
					<spirit:vector>
						<spirit:left>3</spirit:left>
						<spirit:right>0</spirit:right>
					</spirit:vector>
				</spirit:wire>
			</spirit:port>
			<spirit:port>
				<spirit:name>Ethernet_Lite_RX_ER</spirit:name>
				<spirit:wire>
					<spirit:direction>in</spirit:direction>
				</spirit:wire>
			</spirit:port>
			<spirit:port>
				<spirit:name>Ethernet_Lite_RX_CLK</spirit:name>
				<spirit:wire>
					<spirit:direction>in</spirit:direction>
				</spirit:wire>
			</spirit:port>
			<spirit:port>
				<spirit:name>Ethernet_Lite_CRS</spirit:name>
				<spirit:wire>
					<spirit:direction>in</spirit:direction>
				</spirit:wire>
			</spirit:port>
			<spirit:port>
				<spirit:name>Ethernet_Lite_RX_DV</spirit:name>
				<spirit:wire>
					<spirit:direction>in</spirit:direction>
				</spirit:wire>
			</spirit:port>
			<spirit:port>
				<spirit:name>Ethernet_Lite_PHY_RST_N</spirit:name>
				<spirit:wire>
					<spirit:direction>out</spirit:direction>
				</spirit:wire>
			</spirit:port>
			<spirit:port>
				<spirit:name>ETHERNET_MDIO</spirit:name>
				<spirit:wire>
					<spirit:direction>inout</spirit:direction>
				</spirit:wire>
			</spirit:port>
			<spirit:port>
				<spirit:name>ETHERNET_MDC</spirit:name>
				<spirit:wire>
					<spirit:direction>out</spirit:direction>
				</spirit:wire>
			</spirit:port>
			<spirit:port>
				<spirit:name>ETHERNET_TX_ER</spirit:name>
				<spirit:wire>
					<spirit:direction>out</spirit:direction>
				</spirit:wire>
			</spirit:port>
			<spirit:port>
				<spirit:name>ETHERNET_TXD</spirit:name>
				<spirit:wire>
					<spirit:direction>out</spirit:direction>
					<spirit:vector>
						<spirit:left>3</spirit:left>
						<spirit:right>0</spirit:right>
					</spirit:vector>
				</spirit:wire>
			</spirit:port>
			<spirit:port>
				<spirit:name>ETHERNET_TX_EN</spirit:name>
				<spirit:wire>
					<spirit:direction>out</spirit:direction>
				</spirit:wire>
			</spirit:port>
			<spirit:port>
				<spirit:name>ETHERNET_MII_TX_CLK</spirit:name>
				<spirit:wire>
					<spirit:direction>in</spirit:direction>
				</spirit:wire>
			</spirit:port>
			<spirit:port>
				<spirit:name>ETHERNET_RXD</spirit:name>
				<spirit:wire>
					<spirit:direction>in</spirit:direction>
					<spirit:vector>
						<spirit:left>3</spirit:left>
						<spirit:right>0</spirit:right>
					</spirit:vector>
				</spirit:wire>
			</spirit:port>
			<spirit:port>
				<spirit:name>ETHERNET_RX_ER</spirit:name>
				<spirit:wire>
					<spirit:direction>in</spirit:direction>
				</spirit:wire>
			</spirit:port>
			<spirit:port>
				<spirit:name>ETHERNET_RX_CLK</spirit:name>
				<spirit:wire>
					<spirit:direction>in</spirit:direction>
				</spirit:wire>
			</spirit:port>
			<spirit:port>
				<spirit:name>ETHERNET_RX_DV</spirit:name>
				<spirit:wire>
					<spirit:direction>in</spirit:direction>
				</spirit:wire>
			</spirit:port>
			<spirit:port>
				<spirit:name>ETHERNET_CRS</spirit:name>
				<spirit:wire>
					<spirit:direction>in</spirit:direction>
				</spirit:wire>
			</spirit:port>
			<spirit:port>
				<spirit:name>ETHERNET_COL</spirit:name>
				<spirit:wire>
					<spirit:direction>in</spirit:direction>
				</spirit:wire>
			</spirit:port>
			<spirit:port>
				<spirit:name>ETHERNET_PHY_RST_N</spirit:name>
				<spirit:wire>
					<spirit:direction>out</spirit:direction>
				</spirit:wire>
			</spirit:port>
		</spirit:ports>
	</spirit:model>
	<spirit:description>&apos;The Nexys3 board features a Xilinx Spartan-6 XC6SLX16-CSG324C FPGA device; 128Mbit Micron Quad-Mode SPI PCM; 128Mbit Micron Parallel PCM; 128Mbit Micron Cellular RAM; SMSC LAN8710 10/100 PHY device with MII interface; HID Host for USB mouse, keyboard or memory stick; USB-UART bridge for the serial port; 8-bit VGA output; 4 double-wide Pmod connectors; 1 VHDC connector; 8 slide switches; 5 push buttons in gamepad configuration; and 8 LEDs&apos;</spirit:description>
	<spirit:parameters>
		<spirit:parameter>
			<spirit:name>ARCH_SUPPORT_MAP</spirit:name>
			<spirit:value></spirit:value>
		</spirit:parameter>
		<spirit:parameter>
			<spirit:name>HDL</spirit:name>
			<spirit:value>MIXED</spirit:value>
		</spirit:parameter>
		<spirit:parameter>
			<spirit:name>IMP_NETLIST</spirit:name>
			<spirit:value>FALSE</spirit:value>
		</spirit:parameter>
		<spirit:parameter>
			<spirit:name>IP_GROUP</spirit:name>
			<spirit:value>USER</spirit:value>
		</spirit:parameter>
		<spirit:parameter>
			<spirit:name>IPTYPE</spirit:name>
			<spirit:value>PERIPHERAL</spirit:value>
		</spirit:parameter>
		<spirit:parameter>
			<spirit:name>RUN_NGCBUILD</spirit:name>
			<spirit:value>FALSE</spirit:value>
		</spirit:parameter>
		<spirit:parameter>
			<spirit:name>STYLE</spirit:name>
			<spirit:value>HDL</spirit:value>
		</spirit:parameter>
		<spirit:parameter>
			<spirit:name>TCL_FILE</spirit:name>
			<spirit:value>nexys3_v2_1_0.tcl</spirit:value>
		</spirit:parameter>
		<spirit:parameter>
			<spirit:name>TOP</spirit:name>
			<spirit:value>nexys3</spirit:value>
		</spirit:parameter>
		<spirit:parameter>
			<spirit:name>VLNV</spirit:name>
			<spirit:value>digilent|bsb_lib.boards|nexys3|B</spirit:value>
		</spirit:parameter>
		<spirit:parameter>
			<spirit:name>FAMILY</spirit:name>
			<spirit:value>spartan6</spirit:value>
		</spirit:parameter>
		<spirit:parameter>
			<spirit:name>DEVICE</spirit:name>
			<spirit:value>xc6slx16</spirit:value>
		</spirit:parameter>
		<spirit:parameter>
			<spirit:name>PACKAGE</spirit:name>
			<spirit:value>csg324</spirit:value>
		</spirit:parameter>
		<spirit:parameter>
			<spirit:name>SPEED_GRADE</spirit:name>
			<spirit:value>-3</spirit:value>
		</spirit:parameter>
		<spirit:parameter>
			<spirit:name>JTAG_POSITION</spirit:name>
			<spirit:value>1</spirit:value>
		</spirit:parameter>
		<spirit:parameter>
			<spirit:name>SPEC_URL</spirit:name>
			<spirit:value>www.digilentinc.com</spirit:value>
		</spirit:parameter>
		<spirit:parameter>
			<spirit:name>CONTACT_INFO_URL</spirit:name>
			<spirit:value>www.digilentinc.com</spirit:value>
		</spirit:parameter>
		<spirit:parameter>
			<spirit:name>VendorName</spirit:name>
			<spirit:value>Digilent</spirit:value>
		</spirit:parameter>
		<spirit:parameter>
			<spirit:name>DisplayName</spirit:name>
			<spirit:value>Digilent Nexys3 FPGA Board</spirit:value>
		</spirit:parameter>
		<spirit:parameter>
			<spirit:name>LONG_DESC</spirit:name>
			<spirit:value>&apos;The Nexys3 board features a Xilinx Spartan-6 XC6SLX16-CSG324C FPGA device; 128Mbit Micron Quad-Mode SPI PCM; 128Mbit Micron Parallel PCM; 128Mbit Micron Cellular RAM; SMSC LAN8710 10/100 PHY device with MII interface; HID Host for USB mouse, keyboard or memory stick; USB-UART bridge for the serial port; 8-bit VGA output; 4 double-wide Pmod connectors; 1 VHDC connector; 8 slide switches; 5 push buttons in gamepad configuration; and 8 LEDs&apos;</spirit:value>
		</spirit:parameter>
	</spirit:parameters>
</spirit:component>
