<?xml version="1.0" encoding="UTF-8" ?>
<spirit:abstractionDefinition
	xmlns:spirit="http://www.spiritconsortium.org/XMLSchema/SPIRIT/1.4"
	xmlns:xsi="http://www.w3.org/2001/XMLSchema-instance"
	xsi:schemaLocation="http://www.spiritconsortium.org/XMLSchema/SPIRIT/1.4 http://www.spiritconsortium.org/XMLSchema/SPIRIT/1.4/index.xsd">
	<spirit:vendor>xilinx.com</spirit:vendor>
	<spirit:library>bsb_lib.rtl_busdefs</spirit:library>
	<spirit:name>d_usb_epp_dstm_axi_rtl</spirit:name>
	<spirit:version>1.0</spirit:version>
	<spirit:busType spirit:vendor="xilinx.com"
		spirit:library="bsb_lib.rtl_busdefs" spirit:name="d_usb_epp_dstm_axi"
		spirit:version="1.0" />
	<spirit:ports>
		<spirit:port>
			<spirit:logicalName>usb_ifclk</spirit:logicalName>
			<spirit:wire>
				<spirit:onMaster>
					<spirit:direction>in</spirit:direction>
				</spirit:onMaster>
				<spirit:onSlave>
					<spirit:direction>out</spirit:direction>
				</spirit:onSlave>
			</spirit:wire>
		</spirit:port>
		<spirit:port>
			<spirit:logicalName>usb_stmen</spirit:logicalName>
			<spirit:wire>
				<spirit:onMaster>
					<spirit:direction>in</spirit:direction>
				</spirit:onMaster>
				<spirit:onSlave>
					<spirit:direction>out</spirit:direction>
				</spirit:onSlave>
			</spirit:wire>
		</spirit:port>
		<spirit:port>
			<spirit:logicalName>usb_flaga</spirit:logicalName>
			<spirit:wire>
				<spirit:onMaster>
					<spirit:direction>in</spirit:direction>
				</spirit:onMaster>
				<spirit:onSlave>
					<spirit:direction>out</spirit:direction>
				</spirit:onSlave>
			</spirit:wire>
		</spirit:port>
		<spirit:port>
			<spirit:logicalName>usb_flagb</spirit:logicalName>
			<spirit:wire>
				<spirit:onMaster>
					<spirit:direction>in</spirit:direction>
				</spirit:onMaster>
				<spirit:onSlave>
					<spirit:direction>out</spirit:direction>
				</spirit:onSlave>
			</spirit:wire>
		</spirit:port>
		<spirit:port>
			<spirit:logicalName>usb_flagc</spirit:logicalName>
			<spirit:wire>
				<spirit:onMaster>
					<spirit:direction>in</spirit:direction>
				</spirit:onMaster>
				<spirit:onSlave>
					<spirit:direction>out</spirit:direction>
				</spirit:onSlave>
			</spirit:wire>
		</spirit:port>
		<spirit:port>
			<spirit:logicalName>usb_slrd</spirit:logicalName>
			<spirit:wire>
				<spirit:onMaster>
					<spirit:direction>out</spirit:direction>
				</spirit:onMaster>
				<spirit:onSlave>
					<spirit:direction>in</spirit:direction>
				</spirit:onSlave>
			</spirit:wire>
		</spirit:port>
		<spirit:port>
			<spirit:logicalName>usb_slwr</spirit:logicalName>
			<spirit:wire>
				<spirit:onMaster>
					<spirit:direction>out</spirit:direction>
				</spirit:onMaster>
				<spirit:onSlave>
					<spirit:direction>in</spirit:direction>
				</spirit:onSlave>
			</spirit:wire>
		</spirit:port>
		<spirit:port>
			<spirit:logicalName>usb_sloe</spirit:logicalName>
			<spirit:wire>
				<spirit:onMaster>
					<spirit:direction>out</spirit:direction>
				</spirit:onMaster>
				<spirit:onSlave>
					<spirit:direction>in</spirit:direction>
				</spirit:onSlave>
			</spirit:wire>
		</spirit:port>
		<spirit:port>
			<spirit:logicalName>usb_fifoaddr</spirit:logicalName>
			<spirit:wire>
				<spirit:onMaster>
					<spirit:direction>out</spirit:direction>
				</spirit:onMaster>
				<spirit:onSlave>
					<spirit:direction>in</spirit:direction>
				</spirit:onSlave>
			</spirit:wire>
		</spirit:port>
		<spirit:port>
			<spirit:logicalName>usb_pktend</spirit:logicalName>
			<spirit:wire>
				<spirit:onMaster>
					<spirit:direction>out</spirit:direction>
				</spirit:onMaster>
				<spirit:onSlave>
					<spirit:direction>in</spirit:direction>
				</spirit:onSlave>
			</spirit:wire>
		</spirit:port>
		<spirit:port>
			<spirit:logicalName>usb_epprst</spirit:logicalName>
			<spirit:wire>
				<spirit:onMaster>
					<spirit:direction>in</spirit:direction>
				</spirit:onMaster>
				<spirit:onSlave>
					<spirit:direction>out</spirit:direction>
				</spirit:onSlave>
			</spirit:wire>
		</spirit:port>
		<spirit:port>
			<spirit:logicalName>usb_int</spirit:logicalName>
			<spirit:wire>
				<spirit:onMaster>
					<spirit:direction>out</spirit:direction>
				</spirit:onMaster>
				<spirit:onSlave>
					<spirit:direction>in</spirit:direction>
				</spirit:onSlave>
			</spirit:wire>
		</spirit:port>
		<spirit:port>
			<spirit:logicalName>usb_dq_i</spirit:logicalName>
			<spirit:wire>
				<spirit:onMaster>
					<spirit:direction>in</spirit:direction>
				</spirit:onMaster>
				<spirit:onSlave>
					<spirit:direction>out</spirit:direction>
				</spirit:onSlave>
			</spirit:wire>
		</spirit:port>
		<spirit:port>
			<spirit:logicalName>usb_dq_o</spirit:logicalName>
			<spirit:wire>
				<spirit:onMaster>
					<spirit:direction>out</spirit:direction>
				</spirit:onMaster>
				<spirit:onSlave>
					<spirit:direction>in</spirit:direction>
				</spirit:onSlave>
			</spirit:wire>
		</spirit:port>
		<spirit:port>
			<spirit:logicalName>usb_dq_t</spirit:logicalName>
			<spirit:wire>
				<spirit:onMaster>
					<spirit:direction>out</spirit:direction>
				</spirit:onMaster>
				<spirit:onSlave>
					<spirit:direction>in</spirit:direction>
				</spirit:onSlave>
			</spirit:wire>
		</spirit:port>
		<spirit:port>
			<spirit:logicalName>usb_dq</spirit:logicalName>
			<spirit:wire>
				<spirit:onMaster>
					<spirit:direction>inout</spirit:direction>
				</spirit:onMaster>
				<spirit:onSlave>
					<spirit:direction>inout</spirit:direction>
				</spirit:onSlave>
			</spirit:wire>
		</spirit:port>
		<!--<spirit:port>
			<spirit:logicalName>usb_irq_epp</spirit:logicalName>
			<spirit:wire>
				<spirit:onMaster>
					<spirit:direction>out</spirit:direction>
				</spirit:onMaster>
				<spirit:onSlave>
					<spirit:direction>in</spirit:direction>
				</spirit:onSlave>
			</spirit:wire>
		</spirit:port>-->
	</spirit:ports>
</spirit:abstractionDefinition>